,,,,Overall,,,,,,,PP,,SH,,Defense,
Player Name,Team,Pos,Games,G,A,Pts,+/-,PIM,SOG,GWG,G,A,G,A,Hits,BS
Steven Stamkos,TB,C,82,60,37,97,7,66,303,12,12,13,0,0,109,37
Evgeni Malkin,PIT,C,75,50,59,109,18,70,339,9,12,22,0,0,29,41
Marian Gaborik,FA,RW,82,41,35,76,15,34,276,7,10,11,0,0,63,40
James Neal,FA,RW,80,40,41,81,6,87,329,4,18,12,0,0,108,15
Alex Ovechkin,WAS,LW,78,38,27,65,-8,26,303,3,13,10,0,0,215,42
Corey Perry,TB,RW,80,37,23,60,-7,127,277,6,14,9,1,1,69,45
Phil Kessel,VGK,RW,82,37,45,82,-10,20,295,6,10,13,0,0,12,21
Scott Hartnell,FA,LW,82,37,30,67,19,136,232,6,16,7,0,0,188,37
Ilya Kovalchuk,FA,RW,77,37,46,83,-9,33,310,5,10,19,3,2,27,18
Matt Moulson,FA,LW,82,36,33,69,1,6,219,5,14,10,0,0,33,40
Radim Vrbata,FA,RW,77,35,27,62,24,24,232,12,9,8,1,0,57,16
Michael Ryder,FA,RW,82,35,27,62,17,46,211,6,7,3,0,0,86,50
Milan Michalek,FA,LW,77,35,25,60,4,32,212,3,10,5,1,1,36,46
Erik Cole,FA,RW,82,35,26,61,11,48,241,6,11,3,0,0,186,30
Jason Spezza,FA,C,80,34,50,84,11,36,232,2,10,14,0,0,28,23
Jordan Eberle,SEA,RW,78,34,42,76,4,10,180,4,10,10,0,0,45,24
Patrick Sharp,FA,LW,74,33,36,69,28,38,282,8,7,10,1,0,80,18
Max Pacioretty,CAR,LW,79,33,32,65,2,56,286,5,4,9,0,0,104,39
Jarome Iginla,FA,RW,82,32,35,67,-10,43,251,5,8,11,0,0,124,43
Logan Couture,SJ,C,80,31,34,65,2,16,245,5,11,15,2,0,42,76
Joe Pavelski,DAL,RW,82,31,30,61,18,31,269,2,8,10,1,0,50,84
Zach Parise,NYI,LW,82,31,38,69,-5,32,293,3,7,7,3,4,65,39
Bobby Ryan,FA,RW,82,31,26,57,1,53,204,3,3,8,2,0,113,24
John Tavares,TOR,C,82,31,50,81,-6,26,286,8,7,18,0,0,27,23
Evander Kane,EDM,LW,74,30,27,57,11,53,287,4,6,3,0,0,173,31
David Clarkson,FA,RW,80,30,16,46,-8,138,228,7,8,8,0,0,169,19
Patrick Marleau,FA,LW,82,30,34,64,10,26,251,8,10,15,0,0,84,33
Daniel Sedin,FA,LW,72,30,37,67,14,40,229,6,10,15,0,0,21,15
Jason Pominville,FA,RW,82,30,43,73,-7,12,235,5,8,18,2,1,30,52
Rick Nash,FA,LW,82,30,29,59,-19,40,306,2,6,13,2,0,104,21
Marian Hossa,FA,RW,81,29,48,77,18,20,248,4,9,11,2,1,73,40
Johan Franzen,FA,RW,77,29,27,56,23,40,211,10,11,2,0,0,60,30
Ryan Callahan,FA,RW,76,29,25,54,-8,61,235,9,13,4,1,2,271,88
Jonathan Toews,CHI,C,59,29,28,57,17,28,185,4,5,7,1,2,32,14
Tyler Seguin,DAL,C,81,29,38,67,34,30,242,7,5,10,0,0,26,17
Wayne Simmonds,TOR,RW,82,28,21,49,-1,114,197,4,11,5,0,0,140,34
Brad Marchand,BOS,LW,76,28,27,55,31,87,167,3,5,1,1,2,72,21
Claude Giroux,OTT,C,77,28,65,93,6,29,242,5,6,32,0,2,70,44
Alex Burrows,FA,RW,80,28,24,52,24,90,198,7,3,4,2,0,87,38
Andrew Ladd,ARI,LW,82,28,22,50,-8,64,265,6,4,8,0,0,76,25
Patric Hornqvist,FLA,RW,76,27,16,43,9,28,230,3,8,2,0,0,62,28
Daniel Alfredsson,FA,RW,75,27,32,59,16,18,191,4,7,7,3,1,52,31
Tomas Fleischmann,FA,LW,82,27,34,61,-7,26,217,4,6,16,0,0,32,33
Taylor Hall,BOS,LW,61,27,26,53,-3,36,207,7,13,8,0,0,44,34
Milan Lucic,CGY,LW,81,26,35,61,7,135,149,1,7,4,0,0,201,26
Jamie Benn,DAL,C,71,26,37,63,15,55,203,7,2,8,1,0,136,52
Chris Kunitz,FA,LW,82,26,35,61,16,49,230,3,6,12,0,0,180,28
Thomas Vanek,FA,LW,78,26,35,61,-6,52,204,5,10,14,0,0,34,22
Patrik Elias,FA,LW,81,26,52,78,-8,16,164,3,8,21,2,2,61,26
Teemu Selanne,FA,RW,82,26,40,66,-1,50,210,4,12,16,0,0,23,20
Curtis Glencross,FA,LW,67,26,22,48,-13,62,110,3,8,5,1,1,81,49
Loui Eriksson,FA,RW,82,26,45,71,18,12,187,3,5,7,2,1,20,40
Anze Kopitar,LA,C,82,25,51,76,12,20,230,2,8,18,2,2,72,53
Jordan Staal,CAR,C,62,25,25,50,11,34,149,0,5,2,3,2,101,23
Martin St. Louis,FA,RW,77,25,49,74,-3,16,185,3,4,12,0,0,17,39
Brad Richards,FA,C,82,25,41,66,-1,22,229,9,7,17,0,0,51,49
Jiri Hudler,FA,RW,81,25,25,50,10,42,127,2,2,8,0,0,48,15
Pascal Dupuis,FA,RW,82,25,34,59,18,34,214,8,0,1,3,0,111,44
Joffrey Lupul,FA,LW,66,25,42,67,1,48,191,3,8,13,0,0,110,25
Eric Staal,FLA,C,82,24,46,70,-20,48,262,3,7,16,3,2,48,35
Mike Fisher,FA,C,72,24,27,51,11,33,157,7,5,9,0,1,116,76
Dany Heatley,FA,LW,82,24,29,53,2,28,238,3,8,11,0,0,70,45
Ray Whitney,FA,LW,82,24,53,77,26,28,185,1,8,12,0,0,28,10
Kyle Okposo,BUF,RW,79,24,21,45,-15,46,152,2,3,3,0,0,51,33
Bryan Little,ARI,C,74,24,22,46,-11,26,162,6,6,7,0,1,44,13
Teddy Purcell,FA,RW,81,24,41,65,9,16,152,3,8,11,0,0,17,11
David Backes,FA,RW,82,24,30,54,15,101,234,4,8,9,2,1,226,72
Matt Read,TOR,RW,79,24,23,47,13,12,155,6,4,7,2,1,82,58
Valtteri Filppula,FA,C,81,23,43,66,18,14,144,1,3,8,1,0,42,23
Patrick Kane,CHI,RW,82,23,43,66,7,40,253,5,4,8,0,0,19,27
Mikhail Grabovski,FA,C,74,23,28,51,0,51,163,2,5,5,0,0,56,32
David Krejci,BOS,C,79,23,39,62,-5,36,145,2,2,9,0,0,69,46
Kris Versteeg,FA,LW,71,23,31,54,4,49,181,5,8,10,1,0,52,19
Olli Jokinen,FA,C,82,23,38,61,-12,54,223,5,9,15,0,0,53,31
Vincent Lecavalier,FA,C,64,22,27,49,-2,50,182,5,5,6,0,0,103,31
Shane Doan,FA,RW,79,22,28,50,-8,48,226,5,5,9,0,1,205,27
Justin Williams,FA,RW,82,22,37,59,10,44,241,2,9,10,0,0,36,37
Ryan Kesler,FA,C,77,22,27,49,11,56,222,1,8,11,1,1,108,59
Henrik Zetterberg,FA,LW,82,22,47,69,14,47,267,4,3,11,0,2,45,26
Patrice Bergeron,BOS,C,81,22,42,64,36,20,191,3,5,9,2,1,73,67
Dustin Brown,FA,RW,82,22,32,54,18,53,214,6,9,7,1,2,293,32
Kyle Brodziak,FA,C,82,22,22,44,-15,66,160,0,5,6,0,0,81,62
Viktor Stalberg,FA,LW,79,22,21,43,6,34,215,6,0,0,0,0,91,24
Gabriel Landeskog,COL,LW,82,22,30,52,20,51,270,5,6,6,0,2,219,58
David Perron,DET,RW,57,21,21,42,19,28,114,4,5,5,1,1,32,13
Jeff Carter,PIT,C,55,21,13,34,-12,16,184,2,10,3,0,0,16,17
Paul Stastny,CAR,C,79,21,32,53,-8,34,190,2,7,12,0,0,40,49
Alexander Semin,FA,LW,77,21,33,54,9,56,183,1,2,9,0,0,31,19
Petr Sykora,FA,RW,82,21,23,44,4,40,170,6,4,2,0,0,19,16
Jason Chimera,FA,LW,82,20,19,39,4,78,205,5,1,0,2,0,132,27
Ryan Malone,FA,LW,68,20,28,48,-11,82,144,2,5,10,1,0,142,36
Chris Kelly,FA,RW,82,20,19,39,33,41,122,6,1,0,2,0,79,56
R.J. Umberger,FA,LW,77,20,20,40,-10,27,200,3,5,5,0,1,102,70
Michael Cammalleri,FA,LW,66,20,21,41,-10,26,175,4,3,9,0,0,17,19
Stephen Weiss,FA,C,80,20,37,57,5,60,149,6,5,12,1,0,92,61
Michael Grabner,FA,RW,78,20,12,32,-18,12,174,3,1,1,1,0,16,30
David Jones,FA,RW,72,20,17,37,-8,32,136,5,3,3,1,0,85,24
Jamie McGinn,FA,LW,78,20,17,37,-3,37,159,2,6,2,0,0,159,37
Drew Stafford,FA,RW,80,20,30,50,5,46,226,4,3,4,1,0,102,22
Clarke MacArthur,FA,LW,73,20,23,43,3,37,148,4,3,6,0,0,60,21
Jeff Skinner,BUF,LW,64,20,24,44,-8,56,210,5,4,9,0,0,44,15
Cody Hodgson,FA,LW,83,19,22,41,1,10,154,3,7,7,0,0,37,29
Erik Karlsson,SJ,D,81,19,59,78,16,42,261,5,3,25,0,0,60,65
Devin Setoguchi,FA,RW,69,19,17,36,-17,28,174,2,7,6,0,0,73,23
T.J. Oshie,WAS,RW,80,19,35,54,15,50,188,3,3,13,1,1,130,45
Dave Bolland,FA,C,76,19,18,37,0,47,126,2,7,5,3,0,58,38
Shea Weber,VGK,D,78,19,30,49,21,46,230,1,10,12,2,0,177,140
Maxime Talbot,FA,C,81,19,15,34,5,59,115,2,1,1,2,1,150,58
Patrik Berglund,FA,C,82,19,19,38,4,30,188,3,0,4,2,0,97,36
Martin Erat,FA,RW,71,19,39,58,12,30,107,3,5,13,1,0,52,37
Pavel Datsyuk,FA,C,70,19,48,67,21,14,164,5,4,19,0,0,76,31
Chad LaRose,FA,RW,67,19,13,32,-15,48,199,5,3,4,1,0,131,15
Jaromir Jagr,FA,RW,73,19,35,54,5,30,170,2,8,12,0,0,14,12
Ryan Smyth,FA,LW,82,19,27,46,-5,82,194,4,4,4,0,0,53,31
David Legwand,FA,C,78,19,34,53,3,26,140,2,5,14,0,1,31,29
Matt Cooke,FA,LW,82,19,19,38,5,44,147,4,1,5,2,2,160,41
Joe Thornton,FA,C,82,18,59,77,17,31,156,2,4,19,0,1,42,26
Mike Ribeiro,FA,C,74,18,45,63,5,66,142,5,2,13,0,0,113,46
Tuomo Ruutu,FA,LW,72,18,16,34,-3,50,156,2,3,2,0,0,151,24
P.A. Parenteau,FA,RW,80,18,49,67,-8,89,167,2,6,13,0,0,99,23
Kyle Wellwood,FA,C,77,18,29,47,3,4,93,1,4,6,0,0,10,13
Chris Higgins,FA,LW,71,18,25,43,11,16,165,4,1,7,1,0,61,29
Troy Brouwer,FA,RW,82,18,15,33,-15,61,133,5,3,2,0,1,247,60
Sam Gagner,WPG,C,75,18,29,47,5,36,149,0,6,6,0,0,21,23
Jakub Voracek,CLS,LW,78,18,31,49,11,32,190,2,0,11,0,0,44,18
Mike Richards,FA,C,74,18,26,44,3,71,171,1,3,11,4,0,115,39
Rene Bourque,FA,LW,76,18,6,24,-19,68,158,1,3,3,1,0,86,25
Tyler Bozak,FA,C,73,18,29,47,-7,22,109,1,4,8,0,1,117,34
Ryan O'Reilly,STL,C,81,18,37,55,-1,12,189,3,4,11,0,0,62,50
Ryan Nugent-Hopkins,EDM,LW,62,18,34,52,-2,16,134,2,3,20,0,0,38,33
Colin Greening,FA,LW,82,17,20,37,-4,46,184,0,4,4,0,0,189,48
Derek Stepan,CAR,C,82,17,34,51,14,22,169,4,4,12,0,0,137,44
Ryan Jones,FA,LW,79,17,16,33,-7,42,137,2,3,3,2,1,119,61
Blake Wheeler,WPG,RW,80,17,47,64,3,55,208,3,6,9,0,0,113,46
Lauri Korpikoski,FA,LW,82,17,20,37,3,14,146,3,0,2,3,0,91,43
Ryane Clowe,FA,LW,76,17,28,45,-5,97,180,2,4,11,0,0,109,36
Brandon Sutter,FA,C,82,17,15,32,-3,21,171,0,2,1,3,0,53,85
Sergei Kostitsyn,FA,LW,75,17,26,43,8,34,97,3,1,8,1,0,44,27
Frans Nielsen,FA,C,82,17,30,47,-3,6,133,1,5,10,0,0,29,66
Jiri Tlusty,FA,LW,79,17,19,36,1,26,136,1,2,4,0,1,83,57
Sean Bergenheim,FA,LW,62,17,6,23,-5,48,185,2,5,0,1,0,109,21
Derek Roy,FA,C,80,17,27,44,-7,54,176,2,6,6,1,0,35,50
Tomas Plekanec,FA,C,81,17,35,52,-15,56,220,2,5,13,3,3,67,57
Nathan Horton,FA,RW,46,17,15,32,0,54,90,3,6,2,0,0,32,11
Jason Arnott,FA,C,72,17,17,34,13,26,142,3,6,8,0,0,24,13
Steve Sullivan,NJ,LW,79,17,31,48,-3,20,140,1,5,16,0,0,38,16
Dainius Zubrus,FA,RW,82,17,27,44,7,34,109,2,4,2,3,2,102,41
Vinny Prospal,FA,LW,82,16,39,55,-11,36,165,0,3,12,0,0,59,39
Daniel Briere,FA,RW,70,16,33,49,5,69,174,3,4,13,0,0,48,16
Brooks Laich,FA,C,82,16,25,41,-8,34,191,5,5,4,1,0,120,92
Eric Nystrom,FA,LW,74,16,5,21,-10,24,102,1,0,0,0,0,176,38
David Booth,FA,LW,62,16,14,30,-5,34,159,1,3,5,0,0,81,13
Lars Eller,WAS,C,79,16,12,28,-5,66,129,2,2,1,2,1,72,55
Jannik Hansen,FA,RW,82,16,23,39,18,34,137,1,0,0,1,2,118,24
Andrei Kostitsyn,FA,LW,72,16,20,36,-1,26,122,5,5,1,0,0,112,9
Benoit Pouliot,FA,LW,74,16,16,32,18,38,107,5,1,1,0,0,97,14
Mathieu Perreault,FA,C,64,16,14,30,9,24,60,4,2,0,0,0,49,29
David Desharnais,EDM,C,81,16,44,60,10,24,98,2,3,17,0,0,33,48
Artem Anisimov,FA,C,79,16,20,36,12,34,132,1,4,0,1,0,75,46
Jason Garrison,FA,D,77,16,17,33,6,32,168,3,9,3,0,1,127,124
Adam Henrique,ANH,C,74,16,35,51,8,7,130,3,0,8,4,3,83,57
Colin Wilson,FA,LW,68,15,20,35,5,21,114,5,5,7,0,0,43,21
Matt Halischuk,FA,RW,73,15,13,28,9,27,96,2,0,0,0,0,41,33
Tyler Ennis,FA,LW,48,15,19,34,11,14,82,1,2,2,0,0,26,18
Cal Clutterbuck,NYI,RW,74,15,12,27,-4,103,161,2,3,4,4,0,288,31
Chris Stewart,FA,RW,79,15,15,30,1,109,166,1,2,2,0,0,112,21
Nick Foligno,BOS,LW,82,15,32,47,2,124,153,3,1,3,0,0,196,30
Alexander Steen,FA,LW,43,15,13,28,24,28,134,3,3,2,0,0,24,29
Niklas Kronwall,FA,D,82,15,21,36,-2,38,141,4,7,7,0,1,133,177
Raffi Torres,FA,LW,79,15,11,26,2,83,99,1,1,0,0,0,128,21
Nik Antropov,FA,C,69,15,20,35,0,42,95,0,4,6,0,0,94,41
Henrik Sedin,FA,C,82,14,67,81,23,52,113,6,8,19,0,0,32,17
Mikael Samuelsson,FA,RW,54,14,17,31,1,20,138,1,7,6,0,0,79,11
Alexei Ponikarovsky,FA,LW,82,14,19,33,-3,34,156,2,4,3,0,0,143,36
Milan Hejduk,FA,RW,81,14,23,37,-12,14,170,1,6,8,0,0,35,29
Matt Cullen,FA,C,73,14,21,35,-10,24,164,0,4,5,0,0,46,39
Todd Bertuzzi,FA,RW,71,14,24,38,23,64,118,1,0,4,0,0,96,23
Derick Brassard,OTT,C,74,14,27,41,-20,42,125,3,5,10,0,0,137,16
Nicklas Backstrom,WAS,C,42,14,30,44,-4,24,95,4,3,16,0,0,31,25
Drew Miller,FA,LW,80,14,11,25,6,20,131,4,0,0,0,0,79,66
Steve Downie,ARI,RW,75,14,27,41,-6,137,140,2,2,4,0,0,105,25
Lee Stempniak,FA,RW,61,14,14,28,-2,16,130,2,2,3,0,0,55,22
Zack Smith,FA,C,81,14,12,26,4,98,134,3,1,0,2,1,168,43
Marcus Johansson,WAS,LW,80,14,32,46,-5,8,90,3,1,7,0,0,61,28
Matt Duchene,NSH,C,58,14,14,28,-11,8,132,2,5,4,0,0,43,41
Craig Smith,BOS,RW,72,14,22,36,-9,30,172,1,6,7,0,0,44,17
Carl Hagelin,WAS,LW,64,14,24,38,21,24,131,2,0,0,2,0,78,23
Sean Couturier,PHI,C,77,13,14,27,18,14,116,4,0,1,2,0,82,33
Oliver Ekman-Larsson,VAN,D,82,13,19,32,0,32,147,2,2,6,1,0,140,92
Alex Burmistrov,FA,C,76,13,15,28,4,42,123,0,1,2,1,0,118,15
Josh Bailey,NYI,LW,80,13,19,32,-10,32,104,1,1,3,3,0,64,35
Andrew Cogliano,COL,LW,82,13,13,26,-4,15,115,2,2,1,0,0,88,43
Alex Tanguay,FA,LW,64,13,36,49,7,28,84,3,1,14,1,1,22,47
Shawn Horcoff,FA,C,81,13,21,34,-23,24,123,0,5,8,0,0,62,47
Chris Neil,FA,RW,72,13,15,28,-10,178,127,0,2,4,0,0,271,20
Tim Connolly,FA,C,70,13,23,36,-14,40,104,3,2,3,0,0,29,76
Jim Slater,FA,C,78,13,8,21,-9,42,118,1,0,0,1,0,163,73
Tim Brent,FA,C,79,12,12,24,-8,27,71,3,3,4,1,0,64,33
Jussi Jokinen,FA,LW,79,12,34,46,-2,54,118,3,3,15,2,0,41,48
Mikko Koivu,FA,C,55,12,32,44,10,28,129,2,2,13,1,3,62,21
Zdeno Chara,FA,D,79,12,40,52,33,86,224,0,8,10,0,1,166,87
Dan Cleary,FA,LW,75,12,21,33,2,30,199,0,2,1,0,0,90,33
Andrew Brunette,FA,LW,78,12,15,27,-13,4,75,0,4,3,0,0,21,15
Dustin Byfuglien,FA,D,66,12,41,53,-8,72,223,3,4,15,0,1,112,57
Jack Johnson,CHI,D,82,12,26,38,-7,39,176,5,5,12,0,0,107,129
Dion Phaneuf,FA,D,82,12,32,44,-10,92,202,1,7,15,0,1,214,127
Kyle Turris,FA,C,55,12,17,29,10,31,142,2,1,4,0,0,23,14
Tom Pyatt,FA,C,74,12,7,19,-19,8,95,1,1,0,0,0,40,52
Derek Dorsett,FA,RW,77,12,8,20,-11,235,137,1,2,1,1,0,199,40
Alex Pietrangelo,VGK,D,81,12,39,51,16,36,202,6,6,18,0,1,90,133
Brayden Schenn,STL,C,54,12,6,18,-7,34,97,3,4,1,0,0,136,26
Andrew Shaw,FA,C,37,12,11,23,-1,50,74,2,0,4,0,0,82,21
Tim Stapleton,FA,C,63,11,16,27,-2,10,74,3,4,7,0,0,27,23
Mikkel Boedker,FA,LW,82,11,13,24,-2,12,86,2,0,1,0,0,108,21
Mark Letestu,FA,C,62,11,14,25,-9,8,114,0,4,4,0,0,60,19
Joey Crabb,FA,RW,67,11,15,26,1,33,75,4,0,0,2,0,101,34
Rich Peverley,FA,C,57,11,31,42,20,22,112,1,1,10,0,2,23,13
James van Riemsdyk,PHI,LW,43,11,13,24,-1,24,121,1,2,3,0,0,37,18
Keith Yandle,FA,D,82,11,32,43,5,51,196,2,0,11,0,0,31,77
Tyler Kennedy,FA,LW,60,11,22,33,10,29,195,1,0,3,0,0,70,10
Alexander Edler,LA,D,82,11,38,49,0,34,228,0,5,17,1,0,143,145
Ryan Getzlaf,FA,C,82,11,46,57,-11,75,185,4,4,19,0,1,182,72
Brent Burns,CAR,D,81,11,26,37,8,34,201,2,5,11,0,0,68,117
Brian Boyle,FA,C,82,11,15,26,2,59,165,2,0,1,0,1,236,83
Dennis Wideman,FA,D,82,11,35,46,-8,46,175,3,4,16,0,0,113,132
Saku Koivu,FA,C,74,11,27,38,7,50,107,1,0,6,0,0,56,24
Daymond Langkow,FA,C,73,11,19,30,-4,14,112,1,1,2,0,1,87,50
Tomas Holmstrom,FA,LW,74,11,13,24,-9,40,97,3,10,5,0,0,56,6
Nicklas Lidstrom,FA,D,70,11,23,34,21,28,148,0,4,13,0,0,41,79
Brenden Morrow,FA,LW,57,11,15,26,1,97,88,2,5,2,0,0,130,33
Marcel Goc,FA,C,57,11,16,27,5,10,97,1,3,1,0,0,38,23
Steve Ott,FA,C,74,11,28,39,5,156,108,2,4,4,0,2,278,27
Antoine Vermette,FA,C,82,11,26,37,-13,28,149,4,4,5,1,1,124,48
Tomas Kopecky,FA,RW,80,10,22,32,-8,32,143,2,2,6,0,0,45,35
Jordan Leopold,FA,D,79,10,14,24,4,28,110,0,1,4,0,0,54,128
Ales Hemsky,FA,RW,69,10,26,36,-13,43,137,1,1,8,0,0,22,21
Jay McClement,FA,C,80,10,7,17,-8,31,95,1,0,0,1,0,72,54
Andy McDonald,FA,LW,25,10,12,22,4,2,64,2,3,3,0,0,3,5
Kris Letang,PIT,D,51,10,32,42,21,34,142,3,4,11,1,1,83,86
Brandon Dubinsky,FA,C,77,10,24,34,16,110,140,1,0,2,1,2,207,36
Mason Raymond,FA,LW,55,10,10,20,4,18,125,2,1,0,1,0,32,13
Shawn Matthias,FA,C,79,10,14,24,-2,49,133,1,1,1,0,0,60,38
Drew Doughty,LA,D,77,10,26,36,-2,69,168,3,3,10,0,0,124,70
Michael Del Zotto,FLA,D,77,10,31,41,20,36,113,2,1,13,1,2,156,95
Nick Spaling,FA,C,77,10,12,22,-7,18,107,3,0,0,0,1,43,38
Luke Adam,FA,LW,52,10,10,20,-6,14,89,0,0,3,0,0,26,15
Ryan Johansen,NSH,C,67,9,12,21,-2,24,99,3,3,1,0,0,68,24
Marcus Kruger,FA,C,71,9,17,26,11,22,89,1,0,3,0,0,26,36
John Carlson,WAS,D,82,9,23,32,-15,22,152,0,4,3,0,1,83,153
Alex Goligoski,MIN,D,71,9,21,30,0,16,140,1,2,7,0,1,49,93
Mike Santorelli,FA,C,60,9,2,11,-10,18,117,1,2,1,0,0,49,17
T.J. Galiardi,FA,LW,69,9,6,15,-8,53,113,2,0,0,1,0,110,22
Torrey Mitchell,FA,C,76,9,10,19,-6,29,100,0,0,0,0,0,94,33
Kevin Shattenkirk,ANH,D,81,9,34,43,20,60,178,2,5,13,0,1,72,103
Matt D'Agostini,FA,RW,55,9,9,18,12,27,101,3,3,0,0,0,48,18
Darren Helm,COL,C,68,9,17,26,5,12,124,2,0,0,0,0,97,27
Mark Giordano,TOR,D,61,9,18,27,0,75,125,0,5,5,0,1,84,127
Anthony Stewart,FA,RW,77,9,11,20,-2,30,64,1,0,2,0,0,92,15
Brent Seabrook,TB,D,78,9,25,34,21,22,156,3,2,2,0,1,198,165
Maxim Lapierre,FA,C,82,9,10,19,-3,130,103,0,0,0,0,0,244,24
Nate Thompson,FA,C,68,9,6,15,-23,21,85,1,0,0,0,0,107,56
Bryan Bickell,FA,LW,71,9,15,24,-3,48,84,0,0,0,0,0,128,23
Ruslan Fedotenko,FA,LW,73,9,11,20,-7,16,94,1,1,1,0,0,86,57
Taylor Pyatt,FA,LW,73,9,10,19,-4,23,111,1,0,1,0,0,137,20
Dan Boyle,FA,D,81,9,39,48,10,57,252,2,3,14,0,0,58,137
Sami Salo,FA,D,69,9,16,25,7,10,136,3,7,7,0,0,29,77
Jay Harrison,FA,D,72,9,14,23,-10,60,128,2,2,3,0,0,117,153
Travis Moen,FA,LW,48,9,7,16,-3,41,45,0,0,0,1,0,75,41
Pierre-Marc Bouchard,FA,LW,37,9,13,22,-1,18,84,3,2,5,0,0,3,9
Daniel Paille,FA,LW,69,9,6,15,-5,15,86,1,0,0,2,0,59,24
Niklas Hagman,FA,LW,71,9,14,23,-7,14,125,2,2,0,0,0,49,29
Matthew Lombardi,FA,C,62,8,10,18,-19,10,101,2,0,0,1,0,58,34
Ben Eager,FA,LW,63,8,5,13,-1,107,69,3,0,0,0,0,73,17
Boyd Gordon,FA,C,75,8,15,23,9,10,114,2,0,0,1,2,48,86
Francois Beauchemin,FA,D,82,8,14,22,-14,48,139,1,3,2,0,1,154,194
Vernon Fiddler,FA,C,82,8,13,21,-13,60,123,1,0,0,0,1,82,67
Brad Boyes,FA,RW,65,8,15,23,2,6,100,0,2,6,0,0,29,24
David Steckel,FA,C,76,8,5,13,-14,10,79,0,1,0,2,0,170,66
Gregory Campbell,FA,C,78,8,8,16,-3,80,74,0,0,0,0,0,107,53
Matt Stajan,FA,C,61,8,10,18,-3,29,77,1,0,2,0,0,49,33
Brian Gionta,FA,RW,31,8,7,15,-7,16,75,0,2,1,0,0,35,13
Martin Hanzal,FA,C,64,8,26,34,12,63,145,2,3,8,0,0,239,32
Kevin Bieksa,FA,D,78,8,36,44,12,94,166,2,2,8,0,0,159,106
Daniel Winnik,FA,LW,84,8,15,23,-11,52,184,1,0,0,1,1,95,50
Sidney Crosby,PIT,C,22,8,29,37,15,14,75,3,2,9,0,0,11,7
Ville Leino,FA,LW,71,8,17,25,-2,16,78,1,1,0,0,0,41,28
Nick Johnson,FA,RW,77,8,18,26,-6,45,146,1,0,1,0,0,59,21
Justin Abdelkader,FA,LW,81,8,14,22,4,62,121,1,0,0,0,0,148,42
Tyler Myers,VAN,D,55,8,15,23,5,33,84,1,3,4,0,0,78,70
Slava Voynov,FA,D,54,8,12,20,12,12,86,2,3,3,0,0,74,47
Jamie McBain,FA,D,76,8,19,27,-7,4,127,1,5,6,0,0,15,106
Justin Faulk,STL,D,66,8,14,22,-16,29,101,2,5,7,0,0,113,85
Matt Frattin,FA,RW,56,8,7,15,-4,25,92,2,0,1,0,0,81,12
Erik Condra,FA,RW,81,8,17,25,11,30,140,1,0,0,2,2,16,69
Benn Ferriero,FA,RW,35,7,1,8,0,8,68,4,0,0,0,0,43,13
Jordan Caron,FA,RW,48,7,8,15,0,14,57,0,0,0,0,0,64,15
Gabriel Bourque,FA,LW,43,7,12,19,-2,6,59,1,0,0,0,0,66,19
Matt Martin,NYI,LW,80,7,7,14,-17,121,130,1,0,0,0,2,374,41
Cam Atkinson,PHI,RW,27,7,7,14,1,14,66,0,1,1,0,0,23,17
Devante Smith-Pelly,FA,RW,49,7,6,13,-7,16,66,1,1,1,1,0,104,9
Nikita Nikitin,FA,D,61,7,25,32,-10,18,103,3,3,6,0,1,47,114
P.K. Subban,FA,D,81,7,29,36,9,119,205,0,5,9,0,1,105,113
Jake Gardiner,CAR,D,75,7,23,30,-2,18,79,0,1,6,0,0,52,90
Kyle Quincey,FA,D,72,7,19,26,-1,89,168,1,4,6,0,2,101,94
Andrej Meszaros,FA,D,62,7,18,25,6,38,114,2,2,1,0,0,144,88
Mark Streit,FA,D,82,7,40,47,-27,46,149,1,3,20,0,0,110,115
John-Michael Liles,FA,D,66,7,20,27,-14,20,106,0,4,9,0,0,68,111
Erik Christensen,FA,C,49,7,5,12,-13,8,44,1,3,1,0,0,26,4
Dustin Penner,FA,LW,65,7,10,17,-7,43,119,0,1,0,0,0,90,16
Peter Mueller,FA,LW,32,7,9,16,-3,8,82,1,1,4,0,0,14,10
Ryan McDonagh,NSH,D,82,7,25,32,25,44,123,1,0,2,0,0,118,182
Nikolay Kulemin,FA,RW,70,7,21,28,2,6,107,1,1,4,0,1,97,43
Martin Havlat,FA,RW,39,7,20,27,10,22,96,1,4,4,0,1,6,14
Jason Blake,FA,LW,45,7,5,12,-4,6,109,3,2,1,0,0,41,17
Simon Gagne,FA,LW,34,7,10,17,-1,18,75,2,0,4,1,0,17,10
Michal Handzus,FA,C,67,7,17,24,-6,18,81,0,2,3,0,0,52,59
Manny Malhotra,FA,C,78,7,11,18,-11,14,60,2,0,0,0,0,44,45
Brian Rolston,FA,LW,70,7,17,24,-5,14,151,2,1,3,0,0,86,21
Richard Park,FA,C,54,7,7,14,-1,12,44,4,0,2,1,0,28,18
Ian White,FA,D,77,7,25,32,23,22,196,0,0,10,0,0,49,92
Ryan Suter,DAL,D,79,7,39,46,15,30,134,1,3,22,1,1,46,116
Paul Gaustad,FA,C,70,7,14,21,-1,76,75,3,0,0,0,1,114,47
Chuck Kobasew,FA,RW,58,7,7,14,-10,51,65,2,0,1,1,0,62,20
Derek MacKenzie,FA,C,66,7,7,14,4,40,61,2,1,0,2,1,189,19
Jarret Stoll,FA,C,78,6,15,21,2,60,133,0,1,7,0,0,165,46
Jordin Tootoo,FA,RW,77,6,24,30,-5,92,136,1,1,1,0,0,151,17
Brad Winchester,FA,LW,67,6,4,10,-5,88,72,0,0,0,0,0,78,13
Jamie Langenbrunner,FA,RW,70,6,18,24,7,32,127,3,0,0,0,0,70,19
Mike Knuble,FA,RW,72,6,12,18,-15,32,91,0,0,4,0,0,86,45
Jamal Mayers,FA,RW,81,6,9,15,-4,91,70,1,0,1,0,0,102,25
Sheldon Souray,FA,D,64,6,15,21,11,73,179,1,2,4,1,0,55,90
Filip Kuba,FA,D,73,6,26,32,26,26,78,2,3,8,0,2,53,149
Andrew Ference,FA,D,72,6,18,24,9,46,107,1,0,2,0,1,68,81
Brad Stuart,FA,D,81,6,15,21,16,29,96,2,1,0,1,0,177,115
Lubomir Visnovsky,FA,D,68,6,21,27,7,47,112,1,1,9,0,0,63,78
Toby Enstrom,FA,D,62,6,27,33,6,38,94,1,2,9,0,0,24,84
Joel Ward,FA,RW,73,6,12,18,12,20,79,0,0,0,0,0,75,41
Cody McLeod,FA,LW,75,6,5,11,0,164,62,0,0,0,0,0,123,13
Tom Wandell,FA,C,72,6,9,15,-5,16,103,0,0,0,0,0,52,30
Cory Emmerton,FA,C,71,6,4,10,1,14,63,0,0,1,0,0,37,31
Kris Russell,FA,D,55,6,6,12,12,25,56,1,0,1,0,0,61,78
Adam Burish,FA,RW,65,6,13,19,6,76,82,1,0,2,0,0,69,36
Bruno Gervais,FA,D,50,6,7,13,-4,8,57,0,1,1,0,0,42,63
James Wisniewski,FA,D,48,6,21,27,-13,37,99,2,2,10,0,0,50,74
Drayson Bowman,FA,LW,37,6,7,13,2,4,70,0,0,1,0,0,54,10
Nathan Gerbe,FA,LW,62,6,19,25,2,32,137,2,0,1,0,1,53,13
Darroll Powe,FA,C,82,6,7,13,-20,57,109,1,0,0,0,0,151,91
Alec Martinez,VGK,D,51,6,6,12,-1,8,78,0,3,4,0,0,51,48
Marcus Foligno,MIN,LW,14,6,7,13,6,9,23,1,2,1,0,0,44,11
Bobby Butler,FA,RW,56,6,10,16,8,12,86,4,0,0,0,0,34,13
Eric Wellwood,FA,LW,24,5,4,9,12,2,36,1,0,0,0,1,16,12
Kyle Clifford,TOR,LW,81,5,7,12,-5,123,88,2,0,0,0,0,179,9
Victor Hedman,TB,D,61,5,18,23,-9,65,82,0,0,4,0,1,96,127
Nazem Kadri,CGY,C,21,5,2,7,2,8,28,1,1,0,0,0,25,5
Jared Cowen,FA,D,82,5,12,17,-4,56,58,1,0,1,0,1,217,74
Louis Leblanc,FA,C,42,5,5,10,3,28,58,0,0,0,0,0,68,18
Jimmy Hayes,FA,RW,31,5,4,9,-3,16,41,0,1,1,0,0,50,6
Cam Fowler,ANH,D,82,5,24,29,-28,18,123,0,2,9,0,0,43,94
Nick Bonino,SJ,C,50,5,13,18,1,8,63,0,0,1,0,0,18,39
Roman Josi,NSH,D,52,5,11,16,1,14,64,0,1,3,0,0,33,98
Kaspars Daugavins,FA,LW,65,5,6,11,-2,12,77,1,0,1,0,1,58,33
Tanner Glass,FA,LW,78,5,11,16,-12,73,86,1,0,0,0,0,246,51
Luca Sbisa,FA,D,80,5,19,24,-5,66,88,0,0,3,0,0,186,99
Zach Bogosian,TB,D,65,5,25,30,-3,71,150,0,1,6,0,0,117,109
Dwight King,FA,LW,27,5,9,14,3,10,42,1,0,2,0,0,37,5
Ladislav Smid,FA,D,78,5,10,15,4,44,47,0,0,0,0,1,186,184
Blake Comeau,FA,LW,74,5,10,15,-11,30,137,0,0,0,0,0,144,22
Guillaume Latendresse,FA,LW,16,5,4,9,6,20,36,1,1,0,0,0,37,3
Gilbert Brule,FA,C,33,5,9,14,7,11,56,0,1,0,0,0,55,13
John Mitchell,FA,C,63,5,11,16,10,8,64,0,0,2,0,0,89,27
Brad Richardson,FA,C,59,5,3,8,-6,30,98,0,0,0,1,0,65,15
Brandon Prust,FA,LW,82,5,12,17,-1,156,68,2,0,0,2,0,144,51
Cody Franson,FA,D,57,5,16,21,-1,22,65,0,2,5,0,0,102,53
Dan Girardi,FA,D,82,5,24,29,13,20,122,2,1,9,0,1,211,185
Jan Hejda,FA,D,81,5,14,19,-17,24,78,1,0,0,0,0,142,134
Patrick Kaleta,FA,RW,63,5,5,10,-5,116,69,1,0,0,0,0,139,46
Patrick Dwyer,FA,RW,73,5,7,12,0,23,120,0,0,1,2,0,129,62
Michael Frolik,FA,LW,63,5,10,15,-10,22,117,0,0,0,0,1,56,32
Andrew Ebbett,FA,C,18,5,1,6,2,6,27,2,1,0,0,0,15,9
Andrew MacDonald,FA,D,75,5,14,19,-5,26,71,0,1,1,0,0,48,185
Vladimir Sobotka,FA,C,73,5,15,20,12,42,117,1,0,1,1,0,152,29
Craig Adams,FA,RW,82,5,13,18,-6,34,76,0,0,0,0,3,162,45
Mathieu Darche,FA,LW,61,5,7,12,-4,18,77,0,0,0,2,2,79,45
Willie Mitchell,FA,D,76,5,19,24,20,44,104,2,0,5,0,3,74,139
Jaroslav Spacek,FA,D,46,5,10,15,6,8,42,1,3,2,0,0,29,68
Stephane Robidas,FA,D,75,5,17,22,-5,48,75,1,2,7,0,0,191,110
Arron Asham,FA,RW,64,5,11,16,-5,76,49,0,0,0,0,0,95,8
Chris Phillips,FA,D,80,5,14,19,12,16,85,1,4,0,0,2,134,137
Sergei Gonchar,FA,D,74,5,32,37,-4,55,131,1,2,12,0,1,48,115
Christian Ehrhoff,FA,D,66,5,27,32,-2,47,136,3,1,10,0,2,47,82
Shawn Thornton,FA,LW,81,5,8,13,-7,154,114,0,0,0,1,0,91,12
Antti Miettinen,FA,RW,45,5,8,13,-5,0,58,0,1,3,0,0,38,11
Joni Pitkanen,FA,D,30,5,12,17,-15,16,62,2,2,6,0,0,27,43
Dennis Seidenberg,FA,D,80,5,18,23,15,39,174,2,0,8,0,2,154,151
Jay Bouwmeester,FA,D,82,5,24,29,-21,26,107,1,2,8,0,0,69,118
Steve Montador,FA,D,52,5,9,14,4,45,57,1,2,4,0,0,49,46
Fedor Tyutin,FA,D,66,5,21,26,-21,49,124,0,1,11,0,1,100,91
Johnny Boychuk,FA,D,77,5,10,15,27,53,171,2,0,0,0,0,145,133
Kurtis Foster,PHI,D,51,4,10,14,-13,35,85,0,2,9,0,0,46,35
Trevor Daley,FA,D,79,4,21,25,3,42,134,2,1,5,0,0,45,115
Aaron Rome,FA,D,43,4,6,10,-4,46,42,1,1,1,0,0,64,62
Michael Rupp,FA,RW,60,4,1,5,-1,97,31,2,0,0,0,0,103,13
Joe Corvo,FA,D,75,4,21,25,10,13,168,1,1,8,0,0,27,56
Dominic Moore,FA,C,79,4,21,25,-18,54,103,1,0,3,1,0,52,23
Matt Greene,FA,D,82,4,11,15,4,58,76,2,0,0,0,1,241,112
Duncan Keith,FA,D,74,4,36,40,15,42,162,1,1,12,0,2,45,121
Braydon Coburn,FA,D,81,4,20,24,10,56,113,0,0,0,0,2,164,119
Dan Hamhuis,FA,D,82,4,33,37,29,46,140,0,1,10,0,2,103,99
Marc-Andre Bergeron,FA,D,43,4,20,24,6,20,80,0,1,8,0,0,37,43
Radek Dvorak,FA,RW,73,4,17,21,-16,12,83,0,0,0,1,0,51,56
Brendan Morrison,FA,C,39,4,7,11,-5,12,43,0,0,2,0,0,8,21
Kimmo Timonen,FA,D,76,4,39,43,8,46,130,0,4,17,0,0,68,129
Brian Campbell,FA,D,82,4,49,53,-9,6,131,0,1,30,0,0,46,118
Francis Bouillon,FA,D,66,4,7,11,-4,33,38,2,0,0,0,0,103,65
Jochen Hecht,FA,LW,22,4,4,8,1,6,40,0,0,0,1,0,14,9
Tom Kostopoulos,FA,RW,81,4,8,12,-15,57,91,1,1,0,1,0,124,48
Sami Pahlsson,FA,C,80,4,13,17,-2,34,93,1,0,0,1,1,123,37
Jeff Halpern,FA,C,69,4,12,16,-1,24,63,1,0,0,0,0,55,44
Eric Belanger,FA,C,78,4,12,16,-13,32,118,0,1,4,1,0,36,41
Erik Johnson,COL,D,73,4,22,26,-7,26,155,1,1,11,0,0,123,94
Ryan Carter,FA,LW,72,4,4,8,-13,90,50,0,0,0,0,0,114,25
Wojtek Wolski,FA,LW,31,4,8,12,-5,2,50,0,0,1,0,0,34,5
Jack Skille,FA,RW,46,4,6,10,-9,28,76,1,0,0,1,0,99,16
Matt Niskanen,FA,D,75,4,17,21,9,47,118,0,3,5,0,0,105,69
Marc-Edouard Vlasic,SJ,D,82,4,19,23,11,40,119,1,0,1,0,1,45,171
Ryan Shannon,FA,RW,45,4,8,12,-11,10,46,0,1,2,0,0,22,15
Deryk Engelland,FA,D,73,4,13,17,10,56,86,1,0,0,0,0,174,77
Chris Thorburn,FA,RW,72,4,7,11,-6,83,69,0,0,0,0,0,151,46
Matt Carle,FA,D,82,4,34,38,4,36,132,0,3,9,0,0,55,164
Kevin Klein,FA,D,66,4,17,21,-8,4,91,2,0,1,0,1,84,151
Dale Weise,FA,RW,68,4,4,8,-1,81,48,0,0,0,0,0,118,23
Jason Demers,FA,D,57,4,9,13,-8,22,73,1,2,3,0,0,60,58
Joe Vitale,FA,C,68,4,10,14,-5,56,70,1,0,0,0,1,106,36
Andrew Desjardins,FA,C,76,4,13,17,4,47,80,3,0,0,0,1,93,49
Carl Gunnarsson,FA,D,76,4,15,19,-9,20,89,0,0,6,0,0,114,152
Yannick Weber,FA,D,60,4,14,18,-7,30,88,0,4,4,0,0,49,47
Chris Porter,FA,LW,47,4,3,7,-1,11,61,1,0,0,0,0,124,4
Dustin Jeffrey,FA,C,26,4,2,6,-4,2,33,0,0,0,1,0,19,8
Corey Potter,FA,D,62,4,17,21,-16,24,98,0,1,10,0,0,90,79
Jay Beagle,FA,C,41,4,1,5,-2,23,49,0,0,0,0,0,66,23
Mikael Backlund,CGY,C,41,4,7,11,-13,16,85,2,2,1,0,0,25,19
Matt Hendricks,FA,LW,78,4,5,9,-6,95,97,0,0,0,0,1,219,52
Matt Beleskey,FA,LW,70,4,11,15,-2,72,75,0,0,1,0,0,104,20
Grant Clitsome,FA,D,63,4,13,17,-9,32,87,1,1,4,0,1,85,61
Kevin Porter,FA,C,35,4,3,7,-2,17,32,0,0,0,0,0,36,8
Nick Palmieri,FA,RW,38,4,3,7,-10,14,55,0,0,0,0,0,39,7
Brett Connolly,FA,RW,68,4,11,15,-9,30,94,2,1,2,0,0,58,19
Mark Fayne,FA,D,82,4,13,17,-4,26,94,1,0,2,0,1,84,88
David Ullstrom,FA,LW,29,4,4,8,-2,6,40,1,1,0,0,0,32,8
Stefan Elliott,FA,D,39,4,9,13,2,8,84,1,0,2,0,0,3,31
Zack Kassian,ARI,RW,44,4,6,10,-2,51,54,0,0,1,0,0,79,2
Dmitry Kulikov,ANH,D,58,4,24,28,-5,36,104,1,2,8,0,0,104,74
Kyle Palmieri,NYI,RW,18,4,3,7,3,6,34,0,0,0,0,0,20,6
Marc-Andre Bourdon,FA,D,45,4,3,7,4,52,45,2,0,0,0,0,73,77
Tomas Vincour,FA,C,47,4,6,10,-2,2,65,1,0,0,0,0,52,16
Cody Eakin,FA,C,30,4,4,8,2,4,31,0,0,0,0,0,15,7
Mark Olver,FA,C,24,4,3,7,0,15,25,1,0,0,0,0,43,9
Lennart Petrell,FA,C,60,4,5,9,-10,45,36,0,0,0,1,1,122,47
Raphael Diaz,FA,D,59,3,13,16,-7,30,61,1,0,4,0,2,40,102
Alexei Emelin,FA,D,67,3,4,7,-18,30,62,0,0,0,1,1,236,88
Roman Horak,EDM,C,61,3,8,11,3,14,53,1,0,0,0,0,28,20
Sven Baertschi,FA,LW,5,3,0,3,2,4,10,0,0,0,0,0,5,0
Linus Omark,FA,LW,14,3,0,3,-5,8,24,0,0,0,0,0,7,6
Brandon Yip,FA,RW,35,3,4,7,1,28,41,0,0,0,0,0,51,10
Nick Leddy,STL,D,82,3,34,37,-12,10,94,0,0,11,0,0,67,78
Ryan Ellis,PHI,D,32,3,8,11,5,4,34,2,2,2,0,0,30,37
Jared Spurgeon,MIN,D,70,3,20,23,-4,6,92,1,2,10,0,0,36,95
Corey Tropp,ANH,RW,34,3,5,8,0,20,32,1,0,0,0,0,47,20
Dmitry Orlov,WAS,D,60,3,16,19,1,18,51,1,0,2,0,0,99,54
Harry Zolnierczyk,NYR,LW,37,3,3,6,-11,35,49,0,0,0,0,0,67,14
Stephane Da Costa,FA,C,22,3,2,5,-9,8,31,0,0,0,0,0,14,13
Tommy Wingels,FA,RW,33,3,6,9,-1,18,71,0,0,1,0,0,102,23
Andreas Nodl,FA,RW,60,3,5,8,-5,8,66,0,0,0,0,0,68,17
Jim O'Brien,FA,C,28,3,3,6,6,4,37,1,0,0,0,0,28,9
Matt Hunwick,FA,D,33,3,3,6,-3,8,40,0,0,0,0,0,24,30
Paul Byron,MON,C,22,3,2,5,3,2,13,1,0,0,0,0,26,2
Matt Gilroy,FA,D,67,3,17,20,2,18,80,0,0,0,0,0,59,75
Marco Scandella,STL,D,63,3,9,12,-22,19,77,1,1,5,0,0,46,106
Philip Larsen,FA,D,55,3,8,11,11,16,69,0,1,0,0,0,89,73
Andrei Loktionov,FA,C,39,3,4,7,-4,2,60,0,1,0,0,0,7,6
Mark Flood,FA,D,33,3,4,7,-1,10,30,1,1,1,0,0,10,43
Shane O'Brien,FA,D,76,3,17,20,2,105,114,0,1,1,0,1,138,86
Mark Stuart,FA,D,80,3,11,14,-4,98,60,1,0,0,1,0,198,182
Alexander Radulov,FA,RW,9,3,4,7,3,4,21,0,0,1,0,0,5,5
Petteri Nokelainen,FA,C,56,3,4,7,-6,37,37,1,0,0,0,0,46,10
Kyle Chipchura,FA,C,53,3,13,16,2,42,43,0,0,0,0,0,67,14
Mike Green,FA,D,32,3,4,7,5,12,64,1,3,1,0,0,27,44
Zenon Konopka,FA,C,55,3,2,5,-4,193,34,1,1,0,0,0,54,18
Blair Jones,FA,C,43,3,5,8,-1,18,58,1,0,1,0,0,49,29
Johnny Oduya,FA,D,81,3,15,18,-6,33,82,1,0,0,0,0,64,140
Trevor Lewis,CGY,C,72,3,4,7,-3,26,103,1,0,0,0,0,117,25
Andrej Sekera,FA,D,69,3,10,13,3,18,88,0,1,0,0,0,56,93
Alexander Sulzer,FA,D,27,3,6,9,8,8,33,0,0,1,0,0,17,38
Tim Wallace,FA,RW,49,3,6,9,-3,16,26,1,0,0,0,0,104,11
Ryan Reaves,MIN,RW,60,3,1,4,0,124,32,1,0,0,0,0,171,7
Jonathon Blum,FA,D,33,3,4,7,-14,6,25,1,0,0,0,0,17,71
Matt Bradley,FA,RW,45,3,5,8,-3,31,35,0,0,0,0,0,134,11
Rostislav Klesla,FA,D,65,3,10,13,13,54,87,0,0,0,0,0,112,150
Tomas Kaberle,FA,D,72,3,28,31,-18,12,87,0,1,15,0,0,21,80
Pavel Kubina,FA,D,69,3,12,15,-2,74,75,1,0,0,0,0,130,119
Marco Sturm,FA,LW,48,3,2,5,-13,25,65,1,0,0,0,0,49,14
Andy Sutton,FA,D,52,3,7,10,5,80,41,1,0,0,0,0,112,95
John Madden,FA,C,31,3,0,3,-4,4,33,1,0,0,0,0,23,12
Ed Jovanovski,FA,D,66,3,10,13,-11,31,58,0,1,3,0,0,71,73
Scott Nichol,FA,C,80,3,5,8,-5,83,67,0,0,0,0,1,92,29
Milan Jurcina,FA,D,65,3,8,11,-34,30,127,0,2,1,0,0,173,116
Sheldon Brookbank,FA,D,80,3,11,14,11,72,49,1,0,0,0,1,120,110
Greg Zanon,FA,D,56,3,5,8,3,18,41,2,0,0,0,0,116,136
Tom Gilbert,FA,D,67,3,19,22,-8,20,72,1,2,4,0,0,65,115
Keith Aucoin,FA,C,27,3,8,11,4,0,21,1,0,0,0,0,10,7
Sean Avery,FA,LW,15,3,0,3,2,21,15,1,0,0,0,0,10,1
Ryan Whitney,FA,D,51,3,17,20,-16,16,41,0,2,8,0,0,18,85
Matt Ellis,FA,C,60,3,5,8,-3,25,85,1,0,0,0,0,34,17
Aaron Johnson,FA,D,56,3,13,16,-12,26,63,0,1,1,0,0,99,72
Steve Eminger,FA,D,42,2,3,5,0,28,19,0,0,1,0,1,63,53
Anton Volchenkov,FA,D,72,2,9,11,3,34,63,1,0,0,0,1,177,125
Brooks Orpik,FA,D,73,2,16,18,19,61,44,0,0,0,0,1,259,139
Anton Babchuk,CGY,D,32,2,8,10,2,6,48,1,1,2,0,0,17,48
Scottie Upshall,FA,LW,26,2,3,5,-3,29,53,1,1,0,0,0,44,2
Adam Hall,FA,RW,57,2,5,7,-11,17,63,1,0,0,0,0,89,30
Kent Huskins,PHI,D,25,2,5,7,9,10,16,0,0,0,0,0,6,35
Joakim Lindstrom,FA,LW,16,2,3,5,-9,0,22,0,1,0,0,0,1,6
Andrew Alberts,FA,D,44,2,1,3,4,40,19,2,0,0,0,0,91,39
Marek Zidlicky,FA,D,63,2,20,22,-6,34,70,1,2,6,0,0,62,58
Nate Guenin,FA,D,15,2,0,2,6,6,5,1,0,0,0,0,26,17
Krys Barch,FA,RW,51,2,3,5,0,114,24,0,0,0,0,0,67,10
Carlo Colaiacovo,FA,D,64,2,17,19,7,22,68,2,0,8,0,0,73,81
Zbynek Michalek,FA,D,62,2,11,13,0,24,77,0,0,1,0,1,47,144
Paul Martin,FA,D,73,2,25,27,9,18,93,0,0,4,0,1,24,117
Roman Hamrlik,FA,D,68,2,11,13,11,34,58,1,0,0,0,0,69,149
Adrian Aucoin,FA,D,64,2,7,9,14,42,92,0,1,0,0,0,97,67
Scott Hannan,FA,D,78,2,10,12,-10,38,49,0,0,0,0,1,60,126
Derek Morris,FA,D,59,2,9,11,-12,38,72,0,0,1,0,0,95,78
Brett Clark,FA,D,82,2,13,15,-26,20,61,0,0,2,0,0,118,199
Scott Gomez,FA,C,38,2,9,11,-9,14,59,1,2,1,0,0,11,12
Toby Petersen,FA,C,39,2,3,5,-7,6,44,0,0,1,0,0,34,14
Trent Hunter,FA,RW,38,2,5,7,-4,8,51,1,0,1,0,0,72,6
Colton Gillies,FA,LW,75,2,6,8,-9,35,48,0,0,0,0,0,161,46
Anton Stralman,BOS,D,53,2,16,18,9,20,55,0,0,4,0,0,76,71
Marc-Andre Gragnani,FA,D,58,2,13,15,6,26,47,0,1,6,0,0,19,41
Ryan Russell,CLS,LW,41,2,0,2,-7,2,39,0,0,0,0,0,37,44
Cal O'Reilly,FA,C,33,2,5,7,-11,4,17,0,1,1,0,0,5,10
Derek Joslin,FA,D,44,2,2,4,-15,35,36,0,0,1,0,0,47,30
Jared Boll,FA,RW,54,2,1,3,-8,126,35,0,0,0,0,0,96,10
Trevor Smith,FA,C,16,2,3,5,2,4,17,0,0,0,0,1,19,7
Andrew Gordon,FA,RW,37,2,3,5,-10,6,38,0,0,0,0,0,49,17
Matt Kassian,FA,LW,24,2,0,2,-2,55,13,0,0,0,0,0,32,5
Derek Smith,ARI,D,47,2,9,11,-1,12,44,1,0,4,0,0,27,55
Rod Pelley,FA,C,52,2,1,3,-3,16,44,0,0,0,0,0,80,25
Mike Brown,FA,RW,50,2,2,4,-8,74,56,0,0,0,0,1,120,24
Michael Blunden,FA,RW,39,2,2,4,-1,27,34,0,0,0,0,0,104,15
Chris Campoli,FA,D,43,2,9,11,-3,8,43,0,0,3,0,0,43,59
Daniel Carcillo,FA,LW,28,2,9,11,10,82,27,0,0,0,0,0,76,9
David Moss,FA,RW,32,2,7,9,-3,12,82,0,0,0,0,0,43,24
Adam McQuaid,FA,D,72,2,8,10,16,99,63,0,0,0,0,0,104,101
Marc Staal,FLA,D,46,2,3,5,-7,16,61,0,1,1,0,1,55,68
Travis Zajac,FA,C,15,2,4,6,-3,4,25,1,1,0,0,0,11,3
Cam Barker,FA,D,25,2,0,2,0,23,35,1,1,0,0,0,36,19
Josh Gorges,FA,D,82,2,14,16,14,39,59,1,0,0,0,0,131,250
Colin Fraser,FA,C,67,2,6,8,-2,67,54,0,0,0,0,0,149,25
Eric Fehr,FA,RW,35,2,1,3,-6,12,54,1,0,0,0,0,22,13
Patrick O'Sullivan,ARI,RW,23,2,2,4,-4,2,34,0,0,1,0,0,7,4
Luke Schenn,VAN,D,79,2,20,22,-6,62,81,0,0,1,0,1,270,115
Jake Dowell,FA,C,52,2,5,7,-3,53,39,0,0,0,0,0,80,11
Jerome Samson,TB,RW,16,2,3,5,-3,8,31,0,1,1,0,0,10,5
Scott Parse,NJ,RW,9,2,0,2,1,14,9,0,1,0,0,0,7,4
J.T. Wyman,FA,C,40,2,9,11,1,8,31,1,0,0,0,0,33,15
Jesse Winchester,FA,LW,32,2,6,8,2,22,52,0,0,0,1,0,51,9
Michal Repik,FA,RW,17,2,3,5,-3,6,35,0,1,2,0,0,24,1
Spencer Machacek,FA,RW,13,2,7,9,8,7,12,0,0,0,0,0,24,1
Jack Hillen,FA,D,55,2,4,6,6,20,51,0,0,0,0,0,42,65
Davis Drewiske,FA,D,9,2,0,2,0,2,11,0,0,0,0,0,5,5
Akim Aliu,FA,RW,2,2,1,3,3,12,3,0,0,0,0,0,6,0
Chris Butler,FA,D,68,2,13,15,-9,34,62,0,0,3,0,0,70,115
Peter Regin,FA,C,10,2,2,4,3,2,15,0,0,0,0,0,6,3
Jeff Petry,PIT,D,73,2,23,25,-7,26,111,0,1,5,0,0,126,126
Mats Zuccarello,MIN,RW,10,2,1,3,0,6,10,1,1,1,0,0,8,3
Teemu Hartikainen,FA,LW,17,2,3,5,1,6,24,1,0,0,0,0,36,11
Chad Rau,FA,C,9,2,0,2,-1,0,7,2,0,0,0,0,2,5
Jaden Schwartz,SEA,LW,7,2,1,3,1,0,6,1,1,0,0,0,1,5
David Savard,MON,D,31,2,8,10,0,16,34,0,1,3,0,0,30,15
Erik Gudbranson,CLS,D,72,2,6,8,-19,78,76,0,0,1,0,0,154,73
Blake Geoffrion,FA,LW,35,2,3,5,0,27,29,0,0,0,0,0,40,13
Jordan Nolan,FA,RW,26,2,2,4,2,28,19,1,0,0,0,0,59,4
Jacob Josefson,FA,C,41,2,7,9,10,6,37,0,0,0,0,0,16,13
John Moore,ANH,D,67,2,5,7,-23,8,64,0,0,0,0,1,47,70
Magnus Paajarvi,FA,LW,41,2,6,8,-7,4,79,0,0,2,0,0,18,8
T.J. Brodie,TOR,D,54,2,12,14,3,14,44,2,1,5,0,0,43,38
Zac Rinaldo,FA,C,66,2,7,9,-1,232,54,0,0,0,0,0,175,19
Evgenii Dadonov,MON,RW,15,2,1,3,-4,2,21,0,0,0,0,0,13,1
Ben Smith,FA,RW,13,2,0,2,-5,0,18,0,0,0,0,0,6,5
Justin Braun,PHI,D,66,2,9,11,-2,23,113,0,1,2,0,0,46,66
Steven Kampfer,DET,D,23,2,3,5,-1,6,20,0,0,0,0,0,19,31
Casey Wellman,FA,C,14,2,5,7,-4,0,25,1,0,1,0,0,6,7
Travis Hamonic,OTT,D,73,2,22,24,6,73,124,0,1,5,0,0,170,157
Anton Lander,FA,C,56,2,4,6,-8,12,54,0,0,0,1,0,32,12
Adam Larsson,SEA,D,65,2,16,18,-7,20,68,0,0,4,0,1,94,67
Ryan Garbutt,FA,RW,20,2,1,3,-1,22,28,1,0,0,0,0,48,3
Mark Scheifele,WPG,C,7,1,0,1,0,0,5,0,1,0,0,0,3,1
Alexander Urbom,FA,D,5,1,0,1,1,9,3,0,0,0,0,0,5,2
Nate Prosser,FA,D,51,1,11,12,-17,57,32,0,0,3,0,0,34,124
Zac Dalpe,FLA,C,16,1,2,3,-3,4,20,0,0,0,0,0,16,4
Erik Gustafsson,FA,D,30,1,4,5,12,2,18,0,0,0,0,1,9,35
Jarod Palmer,MIN,RW,6,1,0,1,-2,4,14,0,0,0,0,0,3,1
Chris VandeVelde,FA,C,5,1,0,1,2,2,1,0,0,0,0,0,4,3
David Rundblad,FA,D,30,1,6,7,-12,6,34,0,0,2,0,0,34,28
Simon Despres,FA,D,18,1,3,4,5,10,22,0,1,0,0,0,19,17
Peter Holland,FA,C,4,1,0,1,0,2,1,1,0,0,0,0,4,1
Nino Niederreiter,NSH,RW,55,1,0,1,-29,12,74,0,0,0,0,0,129,14
Aaron Volpatti,FA,LW,23,1,0,1,-2,37,17,0,0,0,0,0,61,8
Tomas Kubalik,FA,RW,8,1,1,2,-3,6,8,0,0,0,0,0,6,5
Carter Camper,FA,C,3,1,0,1,1,0,1,0,0,0,0,0,1,2
Gustav Nyquist,CLS,RW,18,1,6,7,2,2,19,0,0,0,0,0,4,0
Brayden McNabb,VGK,D,25,1,7,8,-1,15,23,0,1,0,0,0,49,30
Lance Bouma,LA,C,27,1,2,3,-5,11,26,0,0,0,0,0,45,26
Ben Lovejoy,FA,D,34,1,4,5,3,13,48,0,0,0,0,0,30,37
Tyson Strachan,FA,D,15,1,2,3,1,5,14,0,0,0,0,0,31,21
Dylan Reese,FA,D,28,1,6,7,0,11,26,0,0,0,0,0,22,25
Stephen Gionta,FA,C,1,1,0,1,1,0,2,1,0,0,0,0,1,1
Paul Szczechura,FA,C,9,1,3,4,0,4,11,0,0,0,0,0,7,3
David Schlemko,FA,D,46,1,10,11,7,10,58,0,0,0,0,0,52,88
Mike Weber,FA,D,51,1,4,5,-19,64,51,0,0,0,0,0,123,90
Maxime Macenauer,FA,C,29,1,3,4,-4,18,14,1,0,0,0,0,17,4
Darryl Boyce,FA,C,37,1,4,5,-8,35,25,1,0,0,0,0,46,14
Byron Bitz,FA,RW,10,1,3,4,2,14,6,0,0,0,0,0,20,7
Brendan Smith,NJ,D,14,1,6,7,3,13,13,0,0,1,0,0,17,8
Joe Colborne,FA,C,10,1,4,5,2,4,7,0,0,0,0,0,20,8
Ryan Wilson,FA,D,59,1,20,21,11,33,63,0,0,4,0,0,97,70
Mattias Tedenby,FA,LW,43,1,5,6,-15,16,46,0,0,0,0,0,25,1
Maksim Mayorov,FA,LW,10,1,1,2,-3,2,9,0,0,0,0,0,11,3
Michael Stone,CGY,D,13,1,2,3,7,2,13,0,0,0,0,0,16,18
Justin Falk,FA,D,47,1,8,9,-13,54,46,0,1,0,0,0,78,78
David McIntyre,FA,C,7,1,1,2,-1,2,6,0,0,0,0,0,8,3
Evgeny Grachev,FA,LW,26,1,3,4,-4,2,14,1,0,0,0,0,23,10
Cody Almond,FA,C,10,1,0,1,-5,15,7,0,0,0,0,0,15,8
Aaron Palushaj,FA,RW,38,1,4,5,1,8,37,0,0,0,0,0,28,11
Carson McMillan,TOR,RW,11,1,2,3,1,11,8,1,0,0,0,0,19,9
Matt Taormina,FA,D,30,1,6,7,6,4,33,0,0,1,0,0,18,36
Travis Turnbull,FA,C,3,1,0,1,0,5,3,0,0,0,0,0,7,2
T.J. Brennan,FA,D,11,1,0,1,0,6,14,0,0,0,0,0,20,6
Frederic St-Denis,FA,D,17,1,2,3,3,10,11,0,0,0,0,0,7,21
George Parros,FA,RW,46,1,3,4,1,85,17,0,0,0,0,0,57,16
B.J. Crombeen,FA,RW,40,1,2,3,-2,71,50,0,0,0,0,0,22,2
Jed Ortmeyer,FA,RW,35,1,1,2,-8,14,41,1,0,0,0,0,53,14
Steve Bernier,NYI,RW,32,1,5,6,6,16,23,0,0,0,0,0,61,13
Paul Bissonnette,FA,LW,31,1,0,1,-4,41,15,1,0,0,0,0,70,1
Marc Methot,FA,D,46,1,6,7,-11,24,42,0,0,0,0,0,106,52
Brett Lebda,FA,D,30,1,3,4,-1,14,36,0,0,0,0,0,21,21
Jakub Kindl,FA,D,55,1,12,13,7,25,69,0,0,1,0,0,61,32
Brian Lee,FA,D,55,1,15,16,-8,35,32,0,0,0,0,0,127,62
Niclas Bergfors,FA,RW,11,1,1,2,-2,2,11,1,0,0,0,0,0,5
Bill Thomas,FA,RW,7,1,0,1,0,0,9,0,0,0,0,0,10,1
Andy Greene,FA,D,56,1,15,16,3,16,53,0,0,1,0,0,35,96
Brad Staubitz,FA,RW,62,1,0,1,-5,121,27,0,0,0,0,0,96,20
Clayton Stoner,FA,D,51,1,4,5,3,62,47,0,0,0,0,0,72,80
Brendan Mikkelson,FA,D,41,1,2,3,-4,13,45,0,0,1,0,0,42,44
Warren Peters,FA,C,58,1,4,5,-15,54,54,0,0,0,0,0,70,34
Andrew Murray,FA,C,39,1,3,4,3,4,33,0,0,0,0,0,66,8
Tim Kennedy,FA,LW,27,1,1,2,-11,4,22,1,0,0,0,0,48,11
Jeff Schultz,FA,D,54,1,5,6,-2,12,22,0,0,0,0,0,49,58
Adam Cracknell,ARI,C,2,1,0,1,1,0,1,0,0,0,0,0,1,3
David Van der Gulik,FA,RW,25,1,5,6,3,2,20,0,0,0,0,0,32,11
Jonathan Ericsson,FA,D,69,1,10,11,16,47,63,0,0,0,0,0,128,43
Chris Conner,NJ,RW,8,1,2,3,2,0,10,0,0,0,0,0,4,3
Ben Maxwell,FA,C,15,1,5,6,4,2,10,0,0,0,0,0,11,6
Michael Sauer,FA,D,19,1,2,3,9,21,14,0,0,0,0,0,21,31
Ryan O'Byrne,FA,D,74,1,6,7,-5,57,42,0,0,0,0,0,180,141
Mike Angelidis,FA,LW,6,1,0,1,-1,5,8,0,0,0,0,0,6,2
Theo Peckham,FA,D,54,1,2,3,0,80,25,0,0,0,0,0,94,72
Jan Mursak,DET,RW,25,1,2,3,2,0,22,0,0,0,0,0,21,11
Kevin Westgarth,FA,RW,25,1,1,2,-3,39,13,0,0,0,0,0,31,6
Niklas Hjalmarsson,FA,D,69,1,14,15,9,14,65,0,0,0,0,1,42,142
Sami Lepisto,FA,D,26,1,2,3,3,4,19,0,0,0,0,0,24,9
Ian Cole,TB,D,26,1,5,6,7,22,18,0,0,0,0,0,16,27
Karl Alzner,FA,D,82,1,16,17,12,29,56,0,0,1,0,0,74,139
Nick Schultz,FA,D,82,1,6,7,-12,40,51,0,1,0,0,0,83,165
Jason Williams,FA,RW,8,1,1,2,1,4,4,0,0,1,0,0,1,2
Darcy Hordichuk,FA,LW,43,1,2,3,-3,64,27,0,0,0,0,0,67,2
Eric Brewer,FA,D,82,1,20,21,-5,49,83,0,0,3,0,1,197,176
Cory Sarich,FA,D,62,1,6,7,1,66,36,0,0,0,0,0,144,60
Mark Eaton,FA,D,62,1,3,4,-17,10,44,1,0,0,0,0,53,114
Michal Rozsival,FA,D,54,1,12,13,8,34,49,0,0,0,0,0,62,91
Barret Jackman,FA,D,81,1,12,13,20,57,82,0,0,0,0,0,106,153
Robyn Regehr,FA,D,76,1,4,5,-12,56,49,0,0,0,0,0,172,112
Hal Gill,FA,D,76,1,12,13,-3,37,49,0,0,0,0,2,75,161
Josh Green,FA,LW,7,1,1,2,-6,7,14,0,1,0,0,0,4,2
Colin White,FA,D,54,1,3,4,-5,21,33,0,0,0,0,0,65,94
Bryan Allen,FA,D,82,1,13,14,-1,76,87,1,0,0,0,1,111,188
Marty Reasoner,FA,C,61,1,5,6,-25,34,69,0,0,0,0,0,43,31
Ethan Moreau,FA,LW,28,1,3,4,-3,20,29,1,0,0,0,0,53,6
Chris Pronger,FA,D,13,1,11,12,1,10,23,0,1,7,0,0,15,27
Jay Pandolfo,FA,LW,62,1,2,3,-14,8,44,0,0,0,0,1,48,69
Mike Komisarek,FA,D,45,1,4,5,-13,41,34,0,0,0,0,0,104,80
Alexandre Giroux,FA,LW,9,1,0,1,-2,8,18,0,0,0,0,0,11,0
Tim Gleason,FA,D,82,1,17,18,12,71,65,0,0,2,0,1,129,112
Matt Carkner,FA,D,29,1,2,3,0,33,17,0,0,0,0,0,58,26
Robert Scuderi,FA,D,82,1,8,9,-7,16,63,0,0,0,0,0,61,116
Jeff Woywitka,FA,D,27,1,5,6,2,8,13,0,0,0,0,0,18,22
Jim Vandermeer,FA,D,25,1,3,4,3,33,19,0,0,0,0,0,14,10
Randy Jones,FA,D,39,1,1,2,4,8,24,0,0,0,0,0,23,40
Radek Martinek,FA,D,7,1,0,1,-3,0,10,0,0,0,0,0,5,7
Keith Ballard,FA,D,47,1,6,7,0,64,41,0,0,0,0,0,61,63
Colby Armstrong,FA,RW,29,1,2,3,-8,9,14,0,0,0,0,0,37,5
Cody McCormick,FA,C,50,1,3,4,-7,56,43,0,0,0,0,0,67,11
Colton Orr,FA,RW,5,1,0,1,1,5,3,0,0,0,0,0,7,0
Tim Jackman,FA,RW,75,1,6,7,-21,94,103,0,0,0,0,0,160,16
Jerred Smithson,FA,C,69,1,5,6,-5,34,37,0,0,0,0,1,128,43
Jeff Taffe,FA,C,5,0,2,2,2,0,7,0,0,0,0,0,7,2
Brian McGrattan,FA,RW,30,0,2,2,-1,61,10,0,0,0,0,0,29,3
Mike Weaver,FA,D,82,0,16,16,-2,14,51,0,0,0,0,1,114,137
Jody Shelley,FA,LW,30,0,1,1,-6,64,19,0,0,0,0,0,49,6
Nolan Yonkman,FA,D,1,0,0,0,0,0,0,0,0,0,0,0,0,0
Brendan Bell,ANH,D,1,0,0,0,-1,0,2,0,0,0,0,0,0,0
Douglas Murray,FA,D,60,0,4,4,3,31,71,0,0,0,0,0,126,143
Matt Walker,PHI,D,4,0,0,0,-2,16,2,0,0,0,0,0,1,5
Brandon Segal,FA,RW,10,0,0,0,-2,4,8,0,0,0,0,0,12,5
Kris Newbury,FA,C,7,0,0,0,-1,24,2,0,0,0,0,0,14,1
Doug Janik,FA,D,9,0,1,1,2,6,6,0,0,0,0,0,7,6
Jon DiSalvatore,MIN,LW,1,0,0,0,0,2,2,0,0,0,0,0,1,0
Stephane Veilleux,FA,LW,22,0,2,2,-2,15,16,0,0,0,0,0,27,5
Mark Cullen,FA,C,6,0,1,1,2,2,1,0,0,0,0,0,2,1
Steve Staios,FA,D,65,0,8,8,-19,53,67,0,0,0,0,0,55,140
Sean O'Donnell,FA,D,51,0,7,7,-6,23,30,0,0,0,0,0,46,44
Bryce Salvador,FA,D,82,0,9,9,18,66,52,0,0,0,0,1,106,107
Mark Bell,ANH,C,5,0,0,0,0,5,0,0,0,0,0,0,7,0
Eric Boulton,FA,LW,51,0,0,0,-12,115,25,0,0,0,0,0,89,10
Toni Lydman,FA,D,74,0,13,13,0,46,46,0,0,0,0,1,134,153
Krys Kolanos,CGY,C,13,0,1,1,-1,2,29,0,0,0,0,0,13,0
Ron Hainsey,FA,D,56,0,10,10,9,23,57,0,0,1,0,0,33,133
Andreas Lilja,PHI,D,46,0,6,6,9,34,35,0,0,0,0,0,61,72
Mike Commodore,FA,D,30,0,2,2,7,38,23,0,0,0,0,0,53,32
Trent Whitfield,FA,C,1,0,0,0,0,0,1,0,0,0,0,0,2,3
Kristian Huselius,FA,LW,2,0,0,0,-2,2,2,0,0,0,0,0,0,0
Andrei Markov,FA,D,13,0,3,3,-4,4,17,0,0,2,0,0,7,7
Henrik Tallinder,FA,D,39,0,6,6,-11,16,43,0,0,1,0,0,32,41
John Erskine,FA,D,28,0,2,2,3,51,20,0,0,0,0,1,39,27
Mike Mottau,FA,D,35,0,2,2,-11,15,22,0,0,0,0,0,38,47
Zach Hamill,VAN,C,16,0,2,2,3,4,13,0,0,0,0,0,13,4
Keaton Ellerby,FA,D,40,0,5,5,-3,10,45,0,0,0,0,0,80,75
Riley Nash,FA,C,5,0,1,1,1,2,2,0,0,0,0,0,1,1
Alex Plante,FA,D,3,0,1,1,0,2,0,0,0,0,0,0,5,1
Teemu Laakso,FA,D,9,0,0,0,-1,8,4,0,0,0,0,0,7,7
Brett Sutter,FA,LW,15,0,3,3,-1,11,11,0,0,0,0,0,23,1
Mattias Ritola,FA,LW,5,0,0,0,-2,6,14,0,0,0,0,0,4,1
Sean Collins,NYR,D,2,0,0,0,-1,0,3,0,0,0,0,0,0,1
Joe Piskula,FA,D,5,0,0,0,-5,2,2,0,0,0,0,0,6,5
Pierre Luc Letourneau-Leblond,FA,LW,3,0,0,0,1,10,3,0,0,0,0,0,2,0
Jon Matsumoto,FA,C,1,0,0,0,0,0,0,0,0,0,0,0,0,0
John Scott,FA,LW,35,0,1,1,-1,53,9,0,0,0,0,0,39,10
Aaron Gagnon,FA,C,7,0,0,0,-1,0,6,0,0,0,0,0,1,4
Tom Sestito,FA,LW,14,0,1,1,-3,83,4,0,0,0,0,0,37,2
Andrew Joudrey,FA,C,1,0,0,0,0,0,1,0,0,0,0,0,0,2
Evan Brophey,ARI,C,3,0,0,0,0,0,0,0,0,0,0,0,4,0
Bob Sanguinetti,FA,D,3,0,0,0,0,0,5,0,0,0,0,0,1,2
Chris Summers,FA,D,21,0,3,3,-4,11,10,0,0,0,0,0,50,19
Ty Wishart,FA,D,1,0,0,0,0,0,0,0,0,0,0,0,1,0
Tim Sestito,FA,C,18,0,0,0,-5,7,6,0,0,0,0,0,28,5
Brett Sterling,STL,LW,4,0,0,0,-1,0,5,0,0,0,0,0,1,0
Victor Oreskovich,FA,RW,1,0,0,0,0,7,0,0,0,0,0,0,1,0
Adam Pardy,FA,D,36,0,3,3,-5,16,29,0,0,0,0,0,39,49
Mike Duco,FA,LW,6,0,2,2,1,5,4,0,0,0,0,0,17,2
Frazer McLaren,FA,LW,7,0,0,0,0,9,2,0,0,0,0,0,6,2
Clay Wilson,FA,D,5,0,0,0,0,4,7,0,0,0,0,0,1,2
Ryan Hamilton,FA,LW,2,0,1,1,-1,2,1,0,0,0,0,0,5,0
Roman Polak,FA,D,77,0,11,11,6,57,88,0,0,0,0,0,173,141
Mark Fraser,FA,D,4,0,0,0,-2,14,0,0,0,0,0,0,6,3
Cody Bass,FA,C,14,0,1,1,0,32,13,0,0,0,0,0,22,7
Brett Carson,FA,D,2,0,0,0,-2,0,1,0,0,0,0,0,0,1
Mark Fistric,FA,D,60,0,2,2,-3,41,30,0,0,0,0,0,235,105
Jean-Francois Jacques,TB,LW,6,0,0,0,2,12,7,0,0,0,0,0,6,0
Andre Deveaux,FA,RW,9,0,1,1,3,29,2,0,0,0,0,0,16,0
Zack Stortini,FA,RW,1,0,0,0,0,7,1,0,0,0,0,0,1,0
Guillame Desbiens,FA,RW,10,0,0,0,-1,25,2,0,0,0,0,0,16,2
Francis Wathier,FA,LW,1,0,0,0,0,0,0,0,0,0,0,0,3,0
Alexandre Picard,FA,D,17,0,4,4,4,4,10,0,0,0,0,0,12,14
Nicklas Grossmann,FA,D,74,0,11,11,5,36,56,0,0,0,0,0,164,152
Jay Rosehill,FA,LW,31,0,0,0,-4,60,15,0,0,0,0,0,53,5
Mark Mancari,FA,RW,6,0,0,0,0,0,5,0,0,0,0,0,5,0
Peter Harrold,FA,D,11,0,2,2,0,0,11,0,0,1,0,0,3,11
Dane Byers,FA,LW,8,0,0,0,0,29,8,0,0,0,0,0,4,4
Joe Finley,FA,D,5,0,0,0,-3,12,1,0,0,0,0,0,3,0
Brett Festerling,FA,D,5,0,0,0,-1,2,2,0,0,0,0,0,7,3
Kenndal McArdle,FA,LW,9,0,0,0,-3,4,3,0,0,0,0,0,10,4
Ryan O'Marra,FA,C,9,0,1,1,-1,4,7,0,0,0,0,0,19,7
Raitis Ivanans,CGY,LW,1,0,0,0,-1,0,0,0,0,0,0,0,3,1
Trevor Gillies,CGY,LW,3,0,0,0,-1,0,1,0,0,0,0,0,2,0
Rostislav Olesz,FA,LW,6,0,0,0,-1,6,6,0,0,0,0,0,7,1
D.J. King,FA,LW,1,0,0,0,0,0,1,0,0,0,0,0,2,0
Philippe Dupuis,FA,C,30,0,0,0,-2,16,30,0,0,0,0,0,37,16
Cam Janssen,FA,RW,48,0,1,1,-8,75,17,0,0,0,0,0,74,3
Derek Meech,FA,D,2,0,0,0,1,4,2,0,0,0,0,0,1,0
Colin Stuart,FA,LW,2,0,0,0,-3,0,0,0,0,0,0,0,0,0
Marc-Antoine Pouliot,ARI,C,13,0,4,4,-2,2,19,0,0,0,0,0,10,1
Patrick Eaves,FA,RW,10,0,1,1,0,2,24,0,0,0,0,0,21,7
Colin McDonald,NYI,RW,5,0,0,0,0,0,6,0,0,0,0,0,8,0
Josh Hennessy,FA,C,3,0,0,0,1,2,2,0,0,0,0,0,2,0
Steven MacIntyre,ANH,LW,12,0,0,0,0,6,0,0,0,0,0,0,5,0
Milan Kytnar,FA,C,1,0,0,0,0,0,1,0,0,0,0,0,0,0
Jordie Benn,TOR,D,3,0,2,2,1,0,1,0,0,0,0,0,3,2
Joakim Andersson,FA,C,5,0,0,0,1,0,3,0,0,0,0,0,5,1
Evan Oberg,ARI,D,3,0,0,0,2,0,3,0,0,0,0,0,3,0
Paul Postma,FA,D,3,0,0,0,0,0,3,0,0,0,0,0,1,1
John McCarthy,FA,LW,10,0,0,0,-2,10,14,0,0,0,0,0,10,1
Keith Aulie,FA,D,36,0,3,3,-7,29,18,0,0,0,0,0,78,38
Tomas Kundratek,FA,D,5,0,0,0,0,2,2,0,0,0,0,0,3,4
Greg Nemisz,FA,C,9,0,0,0,1,0,2,0,0,0,0,0,3,1
Tyler Cuma,FA,D,1,0,0,0,0,2,0,0,0,0,0,0,2,1
Kevin Marshall,FA,D,10,0,0,0,-1,8,6,0,0,0,0,0,8,4
Stu Bickel,FA,D,51,0,9,9,2,108,22,0,0,0,0,1,68,52
Taylor Chorney,FA,D,5,0,0,0,-1,0,2,0,0,0,0,0,0,4
Zach Boychuk,FA,RW,16,0,2,2,-3,0,10,0,0,0,0,0,16,2
Colten Teubert,FA,D,24,0,1,1,-5,25,13,0,0,0,0,0,68,28
Nikita Filatov,FA,LW,9,0,1,1,1,4,6,0,0,0,0,0,8,1
Vladimir Zharkov,FA,RW,4,0,0,0,-2,0,0,0,0,0,0,0,1,0
Mike Lundin,FA,D,17,0,2,2,-1,4,9,0,0,0,0,0,3,35
Jason Jaffray,WPG,LW,13,0,1,1,-1,7,10,0,0,0,0,0,16,2
Kyle Wilson,ANH,C,5,0,0,0,-1,0,2,0,0,0,0,0,7,1
Patrick Maroon,TB,LW,2,0,0,0,0,2,1,0,0,0,0,0,4,1
Derek Whitmore,FA,LW,2,0,0,0,0,0,2,0,0,0,0,0,3,1
Eric Tangradi,FA,LW,24,0,2,2,-4,16,20,0,0,0,0,0,42,7
Pierre-Cedric Labrie,TB,LW,14,0,2,2,-2,15,5,0,0,0,0,0,36,5
Ryan White,FA,RW,20,0,3,3,-7,61,12,0,0,0,0,1,61,17
Brett MacLean,FA,LW,5,0,2,2,1,2,6,0,0,1,0,0,3,1
Steve Zalewski,NJ,C,7,0,0,0,-2,0,6,0,0,0,0,0,11,1
Bryan Rodney,FA,D,1,0,0,0,-1,0,0,0,0,0,0,0,1,0
Greg Rallo,FA,RW,1,0,0,0,0,0,1,0,0,0,0,0,0,0
Micheal Haley,FA,LW,14,0,0,0,-1,57,13,0,0,0,0,0,31,2
Arturs Kulda,FA,D,9,0,0,0,3,4,8,0,0,0,0,0,13,8
Fabian Brunnstrom,FA,LW,5,0,1,1,-2,4,6,0,0,0,0,0,4,1
Chris Mueller,PHI,C,4,0,0,0,-1,0,4,0,0,0,0,0,1,2
Brad Mills,FA,C,27,0,1,1,-10,32,18,0,0,0,0,0,36,3
Alexandre Bolduc,FA,C,2,0,0,0,-1,2,1,0,0,0,0,0,1,0
Bracken Kearns,FA,C,5,0,0,0,0,10,0,0,0,0,0,0,6,1
Rob Klinkhammer,FA,LW,15,0,2,2,0,2,26,0,0,0,0,0,47,3
Dana Tyrell,FA,RW,26,0,5,5,-5,6,23,0,0,0,0,0,20,15
Joel Rechlicz,FA,RW,3,0,0,0,0,10,0,0,0,0,0,0,2,0
Brenden Dillon,WPG,D,1,0,0,0,0,0,6,0,0,0,0,0,4,3
Rhett Rakhshani,FA,RW,5,0,0,0,0,2,3,0,0,0,0,0,1,1
Kris Fredheim,WPG,D,3,0,0,0,-2,2,0,0,0,0,0,0,1,5
Brett Bulmer,FA,LW,9,0,3,3,1,6,7,0,0,0,0,0,17,2
Brandon Pirri,FA,C,5,0,2,2,2,0,5,0,0,0,0,0,5,2
Jason Zucker,PIT,LW,6,0,2,2,-2,2,10,0,0,0,0,0,5,2
Dalton Prout,FA,D,5,0,0,0,1,0,2,0,0,0,0,0,5,3
Tyson Barrie,EDM,D,10,0,0,0,-2,0,15,0,0,0,0,0,9,10
Matt Donovan,FA,D,3,0,0,0,-3,0,6,0,0,0,0,0,3,4
Mark Borowiecki,NSH,D,2,0,0,0,-1,2,1,0,0,0,0,0,4,0
Aaron Ness,FA,D,9,0,0,0,0,2,6,0,0,0,0,0,2,17
Cade Fairchild,FA,D,5,0,1,1,-1,0,1,0,0,0,0,0,1,4
Andre Petersson,ANH,RW,1,0,0,0,0,0,0,0,0,0,0,0,0,0
Andy Miele,FA,C,7,0,0,0,-3,6,4,0,0,0,0,0,11,0
Colby Genoway,FA,RW,1,0,1,1,0,0,1,0,0,0,0,0,0,1
Chay Genoway,FA,D,1,0,1,1,0,0,1,0,0,0,0,0,0,1
Brad Malone,EDM,C,9,0,2,2,1,0,6,0,0,0,0,0,13,1
Mike Connolly,COL,LW,2,0,0,0,0,2,1,0,0,0,0,0,2,1
Matt Fraser,FA,RW,1,0,0,0,0,0,1,0,0,0,0,0,0,1
Jeremy Morin,FA,LW,3,0,0,0,-1,0,2,0,0,0,0,0,4,0
Chris Tanev,CGY,D,25,0,2,2,10,2,15,0,0,0,0,0,10,43
Carl Klingberg,NYR,LW,6,0,0,0,-1,4,7,0,0,0,0,0,1,0
Ryan Thang,FA,LW,1,0,0,0,0,0,0,0,0,0,0,0,0,0
Lane MacDermid,FA,LW,5,0,0,0,-2,5,6,0,0,0,0,0,10,3
Matt Bartkowski,FA,D,3,0,0,0,-2,0,0,0,0,0,0,0,5,2
Cody Goloubef,FA,D,1,0,0,0,1,0,0,0,0,0,0,0,1,0
Gabriel Dumont,TB,C,3,0,0,0,-1,0,1,0,0,0,0,0,7,1
Riley Sheahan,FA,C,1,0,0,0,0,4,3,0,0,0,0,0,1,1
Bill Sweatt,VAN,LW,2,0,0,0,0,0,2,0,0,0,0,0,1,2
Calvin de Haan,CAR,D,1,0,0,0,1,0,2,0,0,0,0,0,2,0
Tim Erixon,FA,D,18,0,2,2,-2,8,9,0,0,0,0,0,15,15
Scott Glennie,FA,RW,1,0,0,0,0,2,0,0,0,0,0,0,2,0
Dylan Olsen,FA,D,28,0,1,1,-5,6,16,0,0,0,0,0,43,23
Carter Ashton,FA,RW,15,0,0,0,-10,13,22,0,0,0,0,0,32,2
Brian Strait,FA,D,9,0,1,1,-2,4,4,0,0,0,0,0,12,12
Andreas Engqvist,FA,C,12,0,0,0,-1,4,3,0,0,0,0,0,9,5
Carl Sneep,DAL,D,1,0,1,1,1,0,0,0,0,0,0,0,2,1
Brandon Bollig,FA,LW,18,0,0,0,-2,58,16,0,0,0,0,0,27,6
Ben Holmstrom,FA,C,5,0,0,0,0,2,3,0,0,0,0,0,8,4
Patrice Cormier,FA,C,9,0,0,0,1,0,8,0,0,0,0,0,12,0
Casey Cizikas,NYI,C,15,0,4,4,1,6,12,0,0,0,0,0,26,9
Matt Watkins,FA,RW,1,0,0,0,-1,0,0,0,0,0,0,0,1,0
Philippe Cornet,FA,LW,2,0,1,1,0,0,0,0,0,0,0,0,2,0
Robert Bortuzzo,STL,D,6,0,0,0,1,2,3,0,0,0,0,0,9,1
Brandon McMillan,FA,LW,25,0,4,4,-10,20,26,0,0,0,0,0,21,13
Mat Clark,FA,D,2,0,0,0,-2,0,2,0,0,0,0,0,2,2
Matt Calvert,FA,LW,13,0,3,3,-5,16,4,0,0,0,0,0,8,1
Colby Robak,FA,D,3,0,0,0,1,0,1,0,0,0,0,0,1,2
Maxime Sauve,FA,C,1,0,0,0,0,0,0,0,0,0,0,0,0,0
Mike Hoffman,MON,LW,1,0,0,0,-1,0,0,0,0,0,0,0,2,0
Brandon Manning,FA,D,4,0,0,0,1,0,6,0,0,0,0,0,6,2
Torey Krug,STL,D,2,0,1,1,0,0,3,0,0,0,0,0,0,4
Reilly Smith,VGK,RW,3,0,0,0,-3,2,2,0,0,0,0,0,0,0
JT Brown,FA,RW,5,0,1,1,2,0,13,0,0,0,0,0,2,3
Jeremy Welsh,FA,C,1,0,0,0,0,4,2,0,0,0,0,0,3,0
Kris Foucault,FA,LW,1,0,0,0,0,0,0,0,0,0,0,0,0,0
Mattias Ekholm,NSH,D,2,0,0,0,-1,0,1,0,0,0,0,0,0,3
Mika Zibanejad,NYR,C,9,0,1,1,-3,2,12,0,0,1,0,0,15,5
Brandon Saad,STL,LW,2,0,0,0,0,0,3,0,0,0,0,0,0,1